"DESCRIPTION","DURATION IN MS","NAME","PARENT SUITE","START TIME","STATUS","STOP TIME","SUB SUITE","SUITE","TEST CLASS","TEST METHOD"
"","158","ChangeUserNameWithoutAuth","","","passed","","","user.ChangeParametersUserTest","user.ChangeParametersUserTest",""
"","153","ChangeUserPasswordWithoutAuth","","","passed","","","user.ChangeParametersUserTest","user.ChangeParametersUserTest",""
"","103","createUniqueUser","","","passed","","","user.CreateUserTest","user.CreateUserTest",""
"","568","createOrderWithoutIngredients","","","passed","","","order.CreateOrderTest","order.CreateOrderTest",""
"","48","createUserWithoutName","","","passed","","","user.CreateUserTest","user.CreateUserTest",""
"","176","beCreateUser","","","passed","","","user.CreateUserTest","user.CreateUserTest",""
"","153","ChangeUserEmailWithoutAuth","","","passed","","","user.ChangeParametersUserTest","user.ChangeParametersUserTest",""
"","311","ChangeUserEmailWithAuth","","","passed","","","user.ChangeParametersUserTest","user.ChangeParametersUserTest",""
"","93","createUserWithoutEmail","","","passed","","","user.CreateUserTest","user.CreateUserTest",""
"","353","ChangeUserNameWithAuth","","","passed","","","user.ChangeParametersUserTest","user.ChangeParametersUserTest",""
"","50","createUserWithoutPassword","","","passed","","","user.CreateUserTest","user.CreateUserTest",""
"","2642","getOrderForUserWithAuth","","","passed","","","order.OrdersTest","order.OrdersTest",""
"","334","ChangeUserPasswordWithAuth","","","passed","","","user.ChangeParametersUserTest","user.ChangeParametersUserTest",""
"","5160","createOrderWithAuth","","","passed","","","order.CreateOrderTest","order.CreateOrderTest",""
"","584","createOrderWithoutAuth","","","passed","","","order.CreateOrderTest","order.CreateOrderTest",""
"","636","getOrderForUserWithoutAuth","","","passed","","","order.OrdersTest","order.OrdersTest",""
"","144","loginIncorrectLoginAndPassword","","","passed","","","user.LoginUserTest","user.LoginUserTest",""
"","209","loginExistingUser","","","passed","","","user.LoginUserTest","user.LoginUserTest",""
"","709","createOrderWithWrongHashes","","","passed","","","order.CreateOrderTest","order.CreateOrderTest",""
